date,product_id,product_name,rating,review_count,inquiry_count,refund_count
2025-06-17,1,감성 무드등,4.48,4,8,0
2025-06-17,2,메모리폼 경추 베개,4.51,2,2,0
2025-06-17,3,원목 핸들 머그컵,4.27,3,4,0
2025-06-17,4,무광 세라믹 접시 세트,3.64,3,8,0
2025-06-17,5,북유럽 패브릭 포스터,4.5,4,4,0
2025-06-17,6,대용량 디퓨저,4.6,2,2,0
2025-06-17,7,아로마 캔들 세트,3.82,1,3,0
2025-06-17,8,무선 미니 가습기,3.93,3,2,3
2025-06-17,9,탁상용 저소음 선풍기,4.14,3,9,0
2025-06-17,10,프리미엄 호텔 침구 세트,4.82,2,5,0
2025-06-24,1,감성 무드등,4.37,3,4,0
2025-06-24,2,메모리폼 경추 베개,4.47,5,7,1
2025-06-24,3,원목 핸들 머그컵,3.98,12,12,0
2025-06-24,4,무광 세라믹 접시 세트,3.46,5,5,7
2025-06-24,5,북유럽 패브릭 포스터,4.53,4,4,0
2025-06-24,6,대용량 디퓨저,4.45,9,8,0
2025-06-24,7,아로마 캔들 세트,3.92,6,17,4
2025-06-24,8,무선 미니 가습기,3.98,7,3,2
2025-06-24,9,탁상용 저소음 선풍기,4.05,16,13,3
2025-06-24,10,프리미엄 호텔 침구 세트,4.37,6,8,1
2025-07-01,1,감성 무드등,4.4,8,6,3
2025-07-01,2,메모리폼 경추 베개,4.49,3,5,0
2025-07-01,3,원목 핸들 머그컵,3.93,7,5,4
2025-07-01,4,무광 세라믹 접시 세트,3.91,6,10,3
2025-07-01,5,북유럽 패브릭 포스터,4.18,7,3,1
2025-07-01,6,대용량 디퓨저,4.54,9,10,2
2025-07-01,7,아로마 캔들 세트,3.86,4,6,1
2025-07-01,8,무선 미니 가습기,3.9,6,6,0
2025-07-01,9,탁상용 저소음 선풍기,4.03,10,16,5
2025-07-01,10,프리미엄 호텔 침구 세트,4.18,3,8,1
2025-07-08,1,감성 무드등,4.26,6,4,1
2025-07-08,2,메모리폼 경추 베개,4.39,4,6,2
2025-07-08,3,원목 핸들 머그컵,4.24,7,10,2
2025-07-08,4,무광 세라믹 접시 세트,3.73,6,15,4
2025-07-08,5,북유럽 패브릭 포스터,4.06,6,2,0
2025-07-08,6,대용량 디퓨저,4.34,3,5,2
2025-07-08,7,아로마 캔들 세트,3.99,4,12,4
2025-07-08,8,무선 미니 가습기,4.33,6,7,1
2025-07-08,9,탁상용 저소음 선풍기,3.87,10,21,5
2025-07-08,10,프리미엄 호텔 침구 세트,4.1,4,8,4
2025-07-15,1,감성 무드등,4.43,9,2,3
2025-07-15,2,메모리폼 경추 베개,4.68,8,2,2
2025-07-15,3,원목 핸들 머그컵,4.39,9,9,0
2025-07-15,4,무광 세라믹 접시 세트,3.41,11,15,2
2025-07-15,5,북유럽 패브릭 포스터,4.54,10,4,0
2025-07-15,6,대용량 디퓨저,4.56,8,9,1
2025-07-15,7,아로마 캔들 세트,3.93,6,9,4
2025-07-15,8,무선 미니 가습기,4.21,4,4,0
2025-07-15,9,탁상용 저소음 선풍기,4.07,7,18,2
2025-07-15,10,프리미엄 호텔 침구 세트,4.08,5,11,0
2025-07-22,1,감성 무드등,4.67,7,5,1
2025-07-22,2,메모리폼 경추 베개,4.57,3,3,1
2025-07-22,3,원목 핸들 머그컵,4.25,6,5,3
2025-07-22,4,무광 세라믹 접시 세트,3.98,4,13,1
2025-07-22,5,북유럽 패브릭 포스터,4.62,8,2,0
2025-07-22,6,대용량 디퓨저,4.25,7,8,1
2025-07-22,7,아로마 캔들 세트,3.8,8,9,1
2025-07-22,8,무선 미니 가습기,4.17,5,2,3
2025-07-22,9,탁상용 저소음 선풍기,3.82,10,20,2
2025-07-22,10,프리미엄 호텔 침구 세트,4.2,7,5,2
2025-07-29,1,감성 무드등,4.59,5,5,0
2025-07-29,2,메모리폼 경추 베개,4.58,1,2,0
2025-07-29,3,원목 핸들 머그컵,4.17,6,15,2
2025-07-29,4,무광 세라믹 접시 세트,3.73,10,9,2
2025-07-29,5,북유럽 패브릭 포스터,4.2,2,4,1
2025-07-29,6,대용량 디퓨저,4.65,9,6,0
2025-07-29,7,아로마 캔들 세트,3.81,9,14,4
2025-07-29,8,무선 미니 가습기,4.16,5,4,4
2025-07-29,9,탁상용 저소음 선풍기,4.14,13,15,1
2025-07-29,10,프리미엄 호텔 침구 세트,4.34,4,7,2
2025-08-05,1,감성 무드등,4.28,8,7,2
2025-08-05,2,메모리폼 경추 베개,4.56,3,3,0
2025-08-05,3,원목 핸들 머그컵,3.97,7,4,3
2025-08-05,4,무광 세라믹 접시 세트,3.51,3,17,3
2025-08-05,5,북유럽 패브릭 포스터,4.42,7,2,0
2025-08-05,6,대용량 디퓨저,4.51,9,6,0
2025-08-05,7,아로마 캔들 세트,3.69,4,8,4
2025-08-05,8,무선 미니 가습기,4.44,6,6,2
2025-08-05,9,탁상용 저소음 선풍기,4.38,11,15,1
2025-08-05,10,프리미엄 호텔 침구 세트,4.3,5,4,0
2025-08-12,1,감성 무드등,4.51,3,1,2
2025-08-12,2,메모리폼 경추 베개,4.43,6,7,0
2025-08-12,3,원목 핸들 머그컵,4.05,8,9,1
2025-08-12,4,무광 세라믹 접시 세트,3.84,6,18,6
2025-08-12,5,북유럽 패브릭 포스터,4.38,6,2,1
2025-08-12,6,대용량 디퓨저,4.52,1,9,1
2025-08-12,7,아로마 캔들 세트,3.94,7,7,2
2025-08-12,8,무선 미니 가습기,4.21,5,3,2
2025-08-12,9,탁상용 저소음 선풍기,4.19,13,9,6
2025-08-12,10,프리미엄 호텔 침구 세트,4.35,7,6,4
2025-08-19,1,감성 무드등,4.42,6,2,2
2025-08-19,2,메모리폼 경추 베개,4.49,4,4,0
2025-08-19,3,원목 핸들 머그컵,4.26,7,10,1
2025-08-19,4,무광 세라믹 접시 세트,3.56,12,14,3
2025-08-19,5,북유럽 패브릭 포스터,4.14,7,2,2
2025-08-19,6,대용량 디퓨저,4.61,5,5,1
2025-08-19,7,아로마 캔들 세트,3.94,6,10,2
2025-08-19,8,무선 미니 가습기,4.35,8,6,2
2025-08-19,9,탁상용 저소음 선풍기,4.01,11,19,3
2025-08-19,10,프리미엄 호텔 침구 세트,4.87,4,5,1
2025-08-26,1,감성 무드등,4.58,7,1,3
2025-08-26,2,메모리폼 경추 베개,4.45,6,2,1
2025-08-26,3,원목 핸들 머그컵,4.58,8,10,2
2025-08-26,4,무광 세라믹 접시 세트,3.87,8,12,2
2025-08-26,5,북유럽 패브릭 포스터,4.3,13,5,0
2025-08-26,6,대용량 디퓨저,4.42,4,7,1
2025-08-26,7,아로마 캔들 세트,3.81,5,16,5
2025-08-26,8,무선 미니 가습기,4.13,5,3,0
2025-08-26,9,탁상용 저소음 선풍기,3.93,9,15,3
2025-08-26,10,프리미엄 호텔 침구 세트,4.5,11,10,3
2025-09-02,1,감성 무드등,4.24,14,4,0
2025-09-02,2,메모리폼 경추 베개,4.45,6,5,1
2025-09-02,3,원목 핸들 머그컵,4.28,7,8,1
2025-09-02,4,무광 세라믹 접시 세트,3.73,7,16,2
2025-09-02,5,북유럽 패브릭 포스터,4.05,3,3,1
2025-09-02,6,대용량 디퓨저,4.18,6,5,2
2025-09-02,7,아로마 캔들 세트,3.56,5,14,3
2025-09-02,8,무선 미니 가습기,4.05,8,6,2
2025-09-02,9,탁상용 저소음 선풍기,3.65,5,14,5
2025-09-02,10,프리미엄 호텔 침구 세트,4.52,4,5,1
2025-09-09,1,감성 무드등,4.56,7,4,0
2025-09-09,2,메모리폼 경추 베개,4.59,6,1,0
2025-09-09,3,원목 핸들 머그컵,3.95,5,12,0
2025-09-09,4,무광 세라믹 접시 세트,3.76,6,9,4
2025-09-09,5,북유럽 패브릭 포스터,4.24,3,3,1
2025-09-09,6,대용량 디퓨저,4.68,9,6,1
2025-09-09,7,아로마 캔들 세트,3.79,4,16,3
2025-09-09,8,무선 미니 가습기,4.01,5,4,1
2025-09-09,9,탁상용 저소음 선풍기,3.97,7,9,2
2025-09-09,10,프리미엄 호텔 침구 세트,4.35,7,9,2
2025-09-16,1,감성 무드등,4.62,4,13,0
2025-09-16,2,메모리폼 경추 베개,4.54,6,2,2
2025-09-16,3,원목 핸들 머그컵,3.85,8,6,1
2025-09-16,4,무광 세라믹 접시 세트,3.9,17,18,1
2025-09-16,5,북유럽 패브릭 포스터,4.27,10,4,1
2025-09-16,6,대용량 디퓨저,4.46,9,5,1
2025-09-16,7,아로마 캔들 세트,3.87,7,5,4
2025-09-16,8,무선 미니 가습기,4.16,9,8,1
2025-09-16,9,탁상용 저소음 선풍기,4.02,8,7,0
2025-09-16,10,프리미엄 호텔 침구 세트,4.2,5,6,2
2025-09-23,1,감성 무드등,4.49,10,4,1
2025-09-23,2,메모리폼 경추 베개,4.57,5,4,0
2025-09-23,3,원목 핸들 머그컵,4.4,11,9,1
2025-09-23,4,무광 세라믹 접시 세트,4.0,9,14,2
2025-09-23,5,북유럽 패브릭 포스터,4.0,2,4,2
2025-09-23,6,대용량 디퓨저,4.34,7,8,3
2025-09-23,7,아로마 캔들 세트,4.48,9,15,3
2025-09-23,8,무선 미니 가습기,4.59,7,1,0
2025-09-23,9,탁상용 저소음 선풍기,3.78,3,8,1
2025-09-23,10,프리미엄 호텔 침구 세트,4.51,3,11,0
2025-09-30,1,감성 무드등,4.35,9,4,2
2025-09-30,2,메모리폼 경추 베개,4.57,7,4,0
2025-09-30,3,원목 핸들 머그컵,4.2,4,11,2
2025-09-30,4,무광 세라믹 접시 세트,3.97,13,11,5
2025-09-30,5,북유럽 패브릭 포스터,4.33,2,0,0
2025-09-30,6,대용량 디퓨저,4.41,8,7,1
2025-09-30,7,아로마 캔들 세트,3.91,5,6,1
2025-09-30,8,무선 미니 가습기,4.06,6,6,1
2025-09-30,9,탁상용 저소음 선풍기,3.62,7,6,2
2025-09-30,10,프리미엄 호텔 침구 세트,4.14,4,11,1
2025-10-07,1,감성 무드등,4.55,9,5,1
2025-10-07,2,메모리폼 경추 베개,4.75,5,4,0
2025-10-07,3,원목 핸들 머그컵,4.13,6,7,1
2025-10-07,4,무광 세라믹 접시 세트,3.42,10,13,3
2025-10-07,5,북유럽 패브릭 포스터,4.38,5,5,0
2025-10-07,6,대용량 디퓨저,4.6,12,8,1
2025-10-07,7,아로마 캔들 세트,3.47,6,14,2
2025-10-07,8,무선 미니 가습기,4.37,2,11,0
2025-10-07,9,탁상용 저소음 선풍기,4.07,5,10,3
2025-10-07,10,프리미엄 호텔 침구 세트,4.4,4,10,3
2025-10-14,1,감성 무드등,4.51,3,10,1
2025-10-14,2,메모리폼 경추 베개,4.57,7,3,0
2025-10-14,3,원목 핸들 머그컵,4.05,6,4,2
2025-10-14,4,무광 세라믹 접시 세트,4.04,9,13,1
2025-10-14,5,북유럽 패브릭 포스터,4.34,7,4,0
2025-10-14,6,대용량 디퓨저,4.37,6,7,2
2025-10-14,7,아로마 캔들 세트,3.64,5,5,3
2025-10-14,8,무선 미니 가습기,4.08,9,6,1
2025-10-14,9,탁상용 저소음 선풍기,4.11,1,10,1
2025-10-14,10,프리미엄 호텔 침구 세트,4.39,3,9,1
2025-10-21,1,감성 무드등,4.11,16,2,0
2025-10-21,2,메모리폼 경추 베개,4.53,4,4,3
2025-10-21,3,원목 핸들 머그컵,3.95,6,6,2
2025-10-21,4,무광 세라믹 접시 세트,3.44,7,13,3
2025-10-21,5,북유럽 패브릭 포스터,4.25,8,3,1
2025-10-21,6,대용량 디퓨저,4.21,6,6,2
2025-10-21,7,아로마 캔들 세트,4.13,7,13,4
2025-10-21,8,무선 미니 가습기,4.03,8,10,3
2025-10-21,9,탁상용 저소음 선풍기,3.9,3,4,3
2025-10-21,10,프리미엄 호텔 침구 세트,4.5,4,8,2
2025-10-28,1,감성 무드등,4.2,6,7,0
2025-10-28,2,메모리폼 경추 베개,4.21,7,1,3
2025-10-28,3,원목 핸들 머그컵,3.96,7,8,2
2025-10-28,4,무광 세라믹 접시 세트,3.81,2,14,2
2025-10-28,5,북유럽 패브릭 포스터,4.63,5,6,0
2025-10-28,6,대용량 디퓨저,4.19,10,9,0
2025-10-28,7,아로마 캔들 세트,3.9,2,13,0
2025-10-28,8,무선 미니 가습기,4.22,5,5,0
2025-10-28,9,탁상용 저소음 선풍기,4.14,9,7,0
2025-10-28,10,프리미엄 호텔 침구 세트,3.9,6,11,1
2025-11-04,1,감성 무드등,4.3,6,6,0
2025-11-04,2,메모리폼 경추 베개,4.59,11,8,0
2025-11-04,3,원목 핸들 머그컵,4.34,9,8,0
2025-11-04,4,무광 세라믹 접시 세트,4.08,7,22,2
2025-11-04,5,북유럽 패브릭 포스터,4.33,7,4,2
2025-11-04,6,대용량 디퓨저,4.31,7,8,2
2025-11-04,7,아로마 캔들 세트,4.27,1,15,2
2025-11-04,8,무선 미니 가습기,4.41,4,9,1
2025-11-04,9,탁상용 저소음 선풍기,4.28,3,8,3
2025-11-04,10,프리미엄 호텔 침구 세트,4.42,6,11,2
2025-11-11,1,감성 무드등,4.4,4,7,0
2025-11-11,2,메모리폼 경추 베개,4.66,7,4,3
2025-11-11,3,원목 핸들 머그컵,4.11,6,8,2
2025-11-11,4,무광 세라믹 접시 세트,3.55,7,14,2
2025-11-11,5,북유럽 패브릭 포스터,4.3,8,4,0
2025-11-11,6,대용량 디퓨저,4.08,9,5,1
2025-11-11,7,아로마 캔들 세트,3.77,6,16,1
2025-11-11,8,무선 미니 가습기,3.94,9,9,2
2025-11-11,9,탁상용 저소음 선풍기,3.75,7,6,3
2025-11-11,10,프리미엄 호텔 침구 세트,3.99,10,4,2
2025-11-18,1,감성 무드등,4.32,5,11,2
2025-11-18,2,메모리폼 경추 베개,4.34,3,6,1
2025-11-18,3,원목 핸들 머그컵,4.09,8,5,4
2025-11-18,4,무광 세라믹 접시 세트,3.55,11,23,2
2025-11-18,5,북유럽 패브릭 포스터,3.99,5,1,2
2025-11-18,6,대용량 디퓨저,4.21,8,8,4
2025-11-18,7,아로마 캔들 세트,3.76,5,10,6
2025-11-18,8,무선 미니 가습기,4.21,4,5,1
2025-11-18,9,탁상용 저소음 선풍기,3.95,3,11,1
2025-11-18,10,프리미엄 호텔 침구 세트,4.15,2,10,4
2025-11-25,1,감성 무드등,4.28,4,5,1
2025-11-25,2,메모리폼 경추 베개,4.72,8,4,0
2025-11-25,3,원목 핸들 머그컵,4.41,9,8,1
2025-11-25,4,무광 세라믹 접시 세트,3.78,4,17,2
2025-11-25,5,북유럽 패브릭 포스터,4.41,9,5,1
2025-11-25,6,대용량 디퓨저,4.37,10,9,2
2025-11-25,7,아로마 캔들 세트,3.93,7,29,4
2025-11-25,8,무선 미니 가습기,4.33,5,11,2
2025-11-25,9,탁상용 저소음 선풍기,3.98,4,15,1
2025-11-25,10,프리미엄 호텔 침구 세트,4.33,6,12,4
2025-12-02,1,감성 무드등,4.54,7,7,2
2025-12-02,2,메모리폼 경추 베개,4.53,6,11,0
2025-12-02,3,원목 핸들 머그컵,4.26,9,8,0
2025-12-02,4,무광 세라믹 접시 세트,4.12,11,11,2
2025-12-02,5,북유럽 패브릭 포스터,4.32,7,6,0
2025-12-02,6,대용량 디퓨저,4.33,12,12,4
2025-12-02,7,아로마 캔들 세트,3.63,12,19,7
2025-12-02,8,무선 미니 가습기,3.51,6,5,8
2025-12-02,9,탁상용 저소음 선풍기,3.87,3,6,0
2025-12-02,10,프리미엄 호텔 침구 세트,4.12,5,13,2
2025-12-09,1,감성 무드등,4.12,12,9,3
2025-12-09,2,메모리폼 경추 베개,4.46,8,8,1
2025-12-09,3,원목 핸들 머그컵,3.72,8,9,3
2025-12-09,4,무광 세라믹 접시 세트,3.55,6,10,4
2025-12-09,5,북유럽 패브릭 포스터,4.5,7,2,2
2025-12-09,6,대용량 디퓨저,4.6,7,4,2
2025-12-09,7,아로마 캔들 세트,3.87,11,16,1
2025-12-09,8,무선 미니 가습기,4.08,10,12,2
2025-12-09,9,탁상용 저소음 선풍기,4.19,10,6,1
2025-12-09,10,프리미엄 호텔 침구 세트,4.26,3,14,2
2025-12-16,1,감성 무드등,4.32,7,3,3
2025-12-16,2,메모리폼 경추 베개,4.59,6,4,0
2025-12-16,3,원목 핸들 머그컵,4.01,5,6,4
2025-12-16,4,무광 세라믹 접시 세트,3.7,7,9,4
2025-12-16,5,북유럽 패브릭 포스터,4.28,4,6,2
2025-12-16,6,대용량 디퓨저,4.42,6,12,1
2025-12-16,7,아로마 캔들 세트,3.94,5,17,1
2025-12-16,8,무선 미니 가습기,4.06,2,8,2
2025-12-16,9,탁상용 저소음 선풍기,3.77,6,10,2
2025-12-16,10,프리미엄 호텔 침구 세트,4.2,7,9,1
2025-12-23,1,감성 무드등,4.52,7,6,0
2025-12-23,2,메모리폼 경추 베개,4.81,6,5,0
2025-12-23,3,원목 핸들 머그컵,4.16,3,4,1
2025-12-23,4,무광 세라믹 접시 세트,3.75,4,11,1
2025-12-23,5,북유럽 패브릭 포스터,4.55,6,5,1
2025-12-23,6,대용량 디퓨저,4.32,9,9,4
2025-12-23,7,아로마 캔들 세트,3.81,1,19,5
2025-12-23,8,무선 미니 가습기,4.04,12,9,1
2025-12-23,9,탁상용 저소음 선풍기,3.69,7,9,3
2025-12-23,10,프리미엄 호텔 침구 세트,4.43,8,10,1
2025-12-30,1,감성 무드등,4.05,12,9,1
2025-12-30,2,메모리폼 경추 베개,4.36,7,5,0
2025-12-30,3,원목 핸들 머그컵,4.16,7,16,2
2025-12-30,4,무광 세라믹 접시 세트,3.45,4,18,4
2025-12-30,5,북유럽 패브릭 포스터,4.0,7,8,0
2025-12-30,6,대용량 디퓨저,4.44,12,14,3
2025-12-30,7,아로마 캔들 세트,3.68,1,10,4
2025-12-30,8,무선 미니 가습기,4.15,12,9,1
2025-12-30,9,탁상용 저소음 선풍기,3.9,8,6,2
2025-12-30,10,프리미엄 호텔 침구 세트,4.1,6,7,1
2026-01-06,1,감성 무드등,4.02,4,4,1
2026-01-06,2,메모리폼 경추 베개,4.87,4,5,0
2026-01-06,3,원목 핸들 머그컵,4.09,5,8,2
2026-01-06,4,무광 세라믹 접시 세트,3.88,10,14,2
2026-01-06,5,북유럽 패브릭 포스터,4.22,5,2,0
2026-01-06,6,대용량 디퓨저,4.41,8,10,0
2026-01-06,7,아로마 캔들 세트,4.02,6,14,0
2026-01-06,8,무선 미니 가습기,4.5,9,5,6
2026-01-06,9,탁상용 저소음 선풍기,4.12,2,7,0
2026-01-06,10,프리미엄 호텔 침구 세트,3.82,10,7,4
2026-01-13,1,감성 무드등,4.27,6,6,2
2026-01-13,2,메모리폼 경추 베개,4.56,6,4,1
2026-01-13,3,원목 핸들 머그컵,4.21,7,5,1
2026-01-13,4,무광 세라믹 접시 세트,3.91,7,10,1
2026-01-13,5,북유럽 패브릭 포스터,4.53,7,5,0
2026-01-13,6,대용량 디퓨저,4.49,7,14,3
2026-01-13,7,아로마 캔들 세트,3.87,9,15,4
2026-01-13,8,무선 미니 가습기,4.4,10,9,1
2026-01-13,9,탁상용 저소음 선풍기,3.62,5,9,0
2026-01-13,10,프리미엄 호텔 침구 세트,4.38,8,7,1
2026-01-20,1,감성 무드등,4.4,4,6,1
2026-01-20,2,메모리폼 경추 베개,4.53,9,8,0
2026-01-20,3,원목 핸들 머그컵,4.11,8,10,0
2026-01-20,4,무광 세라믹 접시 세트,3.56,11,16,7
2026-01-20,5,북유럽 패브릭 포스터,4.0,7,2,3
2026-01-20,6,대용량 디퓨저,4.29,3,13,1
2026-01-20,7,아로마 캔들 세트,4.09,4,14,5
2026-01-20,8,무선 미니 가습기,4.16,8,14,1
2026-01-20,9,탁상용 저소음 선풍기,4.2,3,2,0
2026-01-20,10,프리미엄 호텔 침구 세트,4.42,4,3,2
2026-01-27,1,감성 무드등,4.14,4,4,1
2026-01-27,2,메모리폼 경추 베개,4.7,5,4,1
2026-01-27,3,원목 핸들 머그컵,3.96,7,12,3
2026-01-27,4,무광 세라믹 접시 세트,3.79,9,12,2
2026-01-27,5,북유럽 패브릭 포스터,4.37,6,3,0
2026-01-27,6,대용량 디퓨저,4.71,5,3,1
2026-01-27,7,아로마 캔들 세트,4.15,7,16,1
2026-01-27,8,무선 미니 가습기,4.07,7,6,1
2026-01-27,9,탁상용 저소음 선풍기,4.09,7,6,0
2026-01-27,10,프리미엄 호텔 침구 세트,4.41,9,2,1
2026-02-03,1,감성 무드등,4.29,8,2,2
2026-02-03,2,메모리폼 경추 베개,4.29,5,2,0
2026-02-03,3,원목 핸들 머그컵,4.06,5,6,3
2026-02-03,4,무광 세라믹 접시 세트,3.83,5,22,1
2026-02-03,5,북유럽 패브릭 포스터,4.27,11,6,2
2026-02-03,6,대용량 디퓨저,4.45,9,9,1
2026-02-03,7,아로마 캔들 세트,4.24,7,14,1
2026-02-03,8,무선 미니 가습기,4.02,7,12,4
2026-02-03,9,탁상용 저소음 선풍기,3.98,6,9,1
2026-02-03,10,프리미엄 호텔 침구 세트,4.61,7,10,1
2026-02-10,1,감성 무드등,4.26,3,8,1
2026-02-10,2,메모리폼 경추 베개,4.52,5,7,2
2026-02-10,3,원목 핸들 머그컵,4.38,6,9,2
2026-02-10,4,무광 세라믹 접시 세트,3.74,3,10,5
2026-02-10,5,북유럽 패브릭 포스터,4.16,4,3,0
2026-02-10,6,대용량 디퓨저,4.65,6,7,1
2026-02-10,7,아로마 캔들 세트,3.8,4,11,3
2026-02-10,8,무선 미니 가습기,4.23,8,8,2
2026-02-10,9,탁상용 저소음 선풍기,3.97,4,4,0
2026-02-10,10,프리미엄 호텔 침구 세트,4.33,3,12,3
2026-02-17,1,감성 무드등,4.29,6,3,0
2026-02-17,2,메모리폼 경추 베개,4.54,2,5,2
2026-02-17,3,원목 핸들 머그컵,4.08,7,7,0
2026-02-17,4,무광 세라믹 접시 세트,3.41,6,14,0
2026-02-17,5,북유럽 패브릭 포스터,4.23,6,3,1
2026-02-17,6,대용량 디퓨저,4.31,5,7,1
2026-02-17,7,아로마 캔들 세트,3.58,6,9,3
2026-02-17,8,무선 미니 가습기,4.02,2,9,0
2026-02-17,9,탁상용 저소음 선풍기,3.99,3,7,1
2026-02-17,10,프리미엄 호텔 침구 세트,4.08,8,11,3
2026-02-24,1,감성 무드등,4.55,3,5,0
2026-02-24,2,메모리폼 경추 베개,4.43,7,8,2
2026-02-24,3,원목 핸들 머그컵,4.24,3,8,1
2026-02-24,4,무광 세라믹 접시 세트,3.69,9,14,4
2026-02-24,5,북유럽 패브릭 포스터,4.17,8,6,1
2026-02-24,6,대용량 디퓨저,4.07,8,7,2
2026-02-24,7,아로마 캔들 세트,3.75,10,13,1
2026-02-24,8,무선 미니 가습기,4.04,7,9,3
2026-02-24,9,탁상용 저소음 선풍기,3.82,3,6,2
2026-02-24,10,프리미엄 호텔 침구 세트,3.87,9,9,2
2026-03-03,1,감성 무드등,4.59,4,5,0
2026-03-03,2,메모리폼 경추 베개,4.31,8,6,1
2026-03-03,3,원목 핸들 머그컵,4.45,7,10,2
2026-03-03,4,무광 세라믹 접시 세트,3.82,9,20,3
2026-03-03,5,북유럽 패브릭 포스터,3.96,6,2,0
2026-03-03,6,대용량 디퓨저,4.31,7,7,0
2026-03-03,7,아로마 캔들 세트,4.02,6,9,2
2026-03-03,8,무선 미니 가습기,4.2,7,7,3
2026-03-03,9,탁상용 저소음 선풍기,3.92,5,8,1
2026-03-03,10,프리미엄 호텔 침구 세트,4.46,5,10,1
2026-03-10,1,감성 무드등,4.0,12,4,1
2026-03-10,2,메모리폼 경추 베개,4.42,3,2,2
2026-03-10,3,원목 핸들 머그컵,4.48,4,5,2
2026-03-10,4,무광 세라믹 접시 세트,3.63,4,10,4
2026-03-10,5,북유럽 패브릭 포스터,4.58,9,3,1
2026-03-10,6,대용량 디퓨저,4.34,8,8,0
2026-03-10,7,아로마 캔들 세트,3.94,4,10,2
2026-03-10,8,무선 미니 가습기,4.36,5,8,1
2026-03-10,9,탁상용 저소음 선풍기,4.04,6,14,2
2026-03-10,10,프리미엄 호텔 침구 세트,4.24,7,6,3
2026-03-17,1,감성 무드등,4.09,5,8,2
2026-03-17,2,메모리폼 경추 베개,4.05,2,11,2
2026-03-17,3,원목 핸들 머그컵,3.76,5,13,4
2026-03-17,4,무광 세라믹 접시 세트,3.74,12,10,4
2026-03-17,5,북유럽 패브릭 포스터,4.4,8,2,2
2026-03-17,6,대용량 디퓨저,4.65,8,14,1
2026-03-17,7,아로마 캔들 세트,3.86,4,9,2
2026-03-17,8,무선 미니 가습기,4.15,7,5,2
2026-03-17,9,탁상용 저소음 선풍기,4.08,4,9,0
2026-03-17,10,프리미엄 호텔 침구 세트,4.23,4,4,1
2026-03-24,1,감성 무드등,4.9,1,5,0
2026-03-24,2,메모리폼 경추 베개,4.82,8,3,1
2026-03-24,3,원목 핸들 머그컵,4.44,8,6,2
2026-03-24,4,무광 세라믹 접시 세트,3.77,6,9,1
2026-03-24,5,북유럽 패브릭 포스터,3.94,2,4,0
2026-03-24,6,대용량 디퓨저,4.82,11,5,0
2026-03-24,7,아로마 캔들 세트,4.13,8,9,6
2026-03-24,8,무선 미니 가습기,4.15,10,6,1
2026-03-24,9,탁상용 저소음 선풍기,4.17,10,13,2
2026-03-24,10,프리미엄 호텔 침구 세트,4.63,2,9,1
2026-03-31,1,감성 무드등,4.4,6,4,4
2026-03-31,2,메모리폼 경추 베개,4.7,7,5,2
2026-03-31,3,원목 핸들 머그컵,4.2,7,10,1
2026-03-31,4,무광 세라믹 접시 세트,3.93,7,16,2
2026-03-31,5,북유럽 패브릭 포스터,4.32,3,3,0
2026-03-31,6,대용량 디퓨저,4.42,8,7,1
2026-03-31,7,아로마 캔들 세트,3.89,6,9,2
2026-03-31,8,무선 미니 가습기,4.16,7,7,1
2026-03-31,9,탁상용 저소음 선풍기,3.76,4,12,3
2026-03-31,10,프리미엄 호텔 침구 세트,4.41,1,10,1
2026-04-07,1,감성 무드등,4.85,4,5,0
2026-04-07,2,메모리폼 경추 베개,4.47,8,5,0
2026-04-07,3,원목 핸들 머그컵,4.17,9,10,0
2026-04-07,4,무광 세라믹 접시 세트,3.58,3,10,2
2026-04-07,5,북유럽 패브릭 포스터,3.96,3,3,1
2026-04-07,6,대용량 디퓨저,4.57,12,6,2
2026-04-07,7,아로마 캔들 세트,3.76,9,12,4
2026-04-07,8,무선 미니 가습기,4.24,6,5,1
2026-04-07,9,탁상용 저소음 선풍기,4.03,9,9,1
2026-04-07,10,프리미엄 호텔 침구 세트,4.39,2,5,2
2026-04-14,1,감성 무드등,4.38,5,4,2
2026-04-14,2,메모리폼 경추 베개,4.4,9,6,0
2026-04-14,3,원목 핸들 머그컵,4.14,8,7,1
2026-04-14,4,무광 세라믹 접시 세트,3.91,6,13,0
2026-04-14,5,북유럽 패브릭 포스터,4.38,4,6,2
2026-04-14,6,대용량 디퓨저,4.56,10,12,1
2026-04-14,7,아로마 캔들 세트,3.59,4,10,4
2026-04-14,8,무선 미니 가습기,4.02,3,6,0
2026-04-14,9,탁상용 저소음 선풍기,3.85,4,8,4
2026-04-14,10,프리미엄 호텔 침구 세트,4.36,5,9,3
2026-04-21,1,감성 무드등,4.12,7,3,1
2026-04-21,2,메모리폼 경추 베개,4.63,7,3,0
2026-04-21,3,원목 핸들 머그컵,4.08,9,6,1
2026-04-21,4,무광 세라믹 접시 세트,3.47,3,12,5
2026-04-21,5,북유럽 패브릭 포스터,4.34,5,1,1
2026-04-21,6,대용량 디퓨저,4.4,8,8,2
2026-04-21,7,아로마 캔들 세트,4.22,9,7,0
2026-04-21,8,무선 미니 가습기,4.19,2,10,3
2026-04-21,9,탁상용 저소음 선풍기,3.75,7,7,1
2026-04-21,10,프리미엄 호텔 침구 세트,3.95,8,7,0
2026-04-28,1,감성 무드등,4.39,8,6,0
2026-04-28,2,메모리폼 경추 베개,4.86,4,2,1
2026-04-28,3,원목 핸들 머그컵,4.28,13,6,1
2026-04-28,4,무광 세라믹 접시 세트,3.39,4,22,5
2026-04-28,5,북유럽 패브릭 포스터,4.4,8,3,1
2026-04-28,6,대용량 디퓨저,4.53,2,13,1
2026-04-28,7,아로마 캔들 세트,3.94,6,13,0
2026-04-28,8,무선 미니 가습기,4.12,7,9,3
2026-04-28,9,탁상용 저소음 선풍기,4.01,3,7,4
2026-04-28,10,프리미엄 호텔 침구 세트,4.2,5,16,4
2026-05-05,1,감성 무드등,4.09,9,3,0
2026-05-05,2,메모리폼 경추 베개,4.37,4,2,1
2026-05-05,3,원목 핸들 머그컵,4.34,5,12,1
2026-05-05,4,무광 세라믹 접시 세트,3.47,9,21,4
2026-05-05,5,북유럽 패브릭 포스터,4.42,6,6,0
2026-05-05,6,대용량 디퓨저,4.58,7,12,2
2026-05-05,7,아로마 캔들 세트,3.87,11,16,3
2026-05-05,8,무선 미니 가습기,3.88,4,9,1
2026-05-05,9,탁상용 저소음 선풍기,4.15,7,14,1
2026-05-05,10,프리미엄 호텔 침구 세트,4.37,3,7,2
2026-05-12,1,감성 무드등,4.6,4,4,1
2026-05-12,2,메모리폼 경추 베개,4.65,5,8,1
2026-05-12,3,원목 핸들 머그컵,3.85,6,8,2
2026-05-12,4,무광 세라믹 접시 세트,3.64,6,21,3
2026-05-12,5,북유럽 패브릭 포스터,4.45,3,4,1
2026-05-12,6,대용량 디퓨저,4.48,5,8,1
2026-05-12,7,아로마 캔들 세트,4.04,4,13,0
2026-05-12,8,무선 미니 가습기,3.84,7,4,4
2026-05-12,9,탁상용 저소음 선풍기,3.97,3,17,1
2026-05-12,10,프리미엄 호텔 침구 세트,4.1,3,7,1
2026-05-19,1,감성 무드등,4.28,5,5,0
2026-05-19,2,메모리폼 경추 베개,4.39,8,1,3
2026-05-19,3,원목 핸들 머그컵,4.21,8,8,4
2026-05-19,4,무광 세라믹 접시 세트,3.82,2,8,4
2026-05-19,5,북유럽 패브릭 포스터,4.09,4,5,1
2026-05-19,6,대용량 디퓨저,4.51,7,9,2
2026-05-19,7,아로마 캔들 세트,3.74,6,13,3
2026-05-19,8,무선 미니 가습기,4.22,3,6,1
2026-05-19,9,탁상용 저소음 선풍기,3.78,5,6,1
2026-05-19,10,프리미엄 호텔 침구 세트,4.36,5,5,2
2026-05-26,1,감성 무드등,4.32,3,8,2
2026-05-26,2,메모리폼 경추 베개,4.76,4,4,0
2026-05-26,3,원목 핸들 머그컵,4.46,6,9,0
2026-05-26,4,무광 세라믹 접시 세트,3.56,2,9,5
2026-05-26,5,북유럽 패브릭 포스터,4.34,5,5,0
2026-05-26,6,대용량 디퓨저,4.02,4,13,2
2026-05-26,7,아로마 캔들 세트,3.88,4,14,1
2026-05-26,8,무선 미니 가습기,4.1,4,15,2
2026-05-26,9,탁상용 저소음 선풍기,3.73,6,22,3
2026-05-26,10,프리미엄 호텔 침구 세트,4.24,6,6,3
2026-06-02,1,감성 무드등,4.67,16,12,0
2026-06-02,2,메모리폼 경추 베개,4.41,4,7,0
2026-06-02,3,원목 핸들 머그컵,3.91,4,7,1
2026-06-02,4,무광 세라믹 접시 세트,3.53,5,14,3
2026-06-02,5,북유럽 패브릭 포스터,4.35,5,3,1
2026-06-02,6,대용량 디퓨저,4.35,6,4,1
2026-06-02,7,아로마 캔들 세트,3.64,3,15,7
2026-06-02,8,무선 미니 가습기,3.95,5,7,1
2026-06-02,9,탁상용 저소음 선풍기,3.88,4,18,2
2026-06-02,10,프리미엄 호텔 침구 세트,4.23,11,13,1
2026-06-09,1,감성 무드등,4.57,6,11,0
2026-06-09,2,메모리폼 경추 베개,4.38,5,6,4
2026-06-09,3,원목 핸들 머그컵,4.42,9,7,1
2026-06-09,4,무광 세라믹 접시 세트,3.51,6,12,1
2026-06-09,5,북유럽 패브릭 포스터,3.83,9,5,0
2026-06-09,6,대용량 디퓨저,4.57,5,7,1
2026-06-09,7,아로마 캔들 세트,3.81,7,14,2
2026-06-09,8,무선 미니 가습기,4.02,4,2,2
2026-06-09,9,탁상용 저소음 선풍기,3.52,6,31,5
2026-06-09,10,프리미엄 호텔 침구 세트,4.06,6,13,1
